step,reward,win_rate,mean_steps
182,3.8430482784431135,0.0,47.1875
182,3.8430482784431135,0.0,47.1875
